name,esp_resume,eng_resume,val_resume,duration,dificulty,start,end_point,image,url,transport,type,esp_description,val_description,eng_description
Arbres monumentals i singulars,"Los Árboles Monumentales y Singulares reflejan el espíritu de personas, muchas anónimas, que apostaron por conservar y proteger a unos de los seres vivos más longevos del Planeta.","The Monumental and Singular Trees reflect the spirit of people, many of them anonymous, who bet on preserving and protecting some of the longest-lived living beings on the Planet","Els Arbres Monumentals i Singulars reflecteixen lesperit de persones, moltes anònimes, que van apostar per conservar i protegir a uns dels éssers vius més longeus del Planeta.",120,baja,Plaza del Ayuntamiento,Jardines de la Glorieta y Parterre,https://cultural.valencia.es/wp-content/uploads/2019/01/ficus-valencia-parterre.jpg,https://cultural.valencia.es/es/ruta/testigos-de-la-historia-arboles-monumentales-y-singulares-de-la-ciudad-de-valencia/,bicicleta,Històrica,"La presencia de Árboles Monumentales y Singulares en la ciudad de València, refleja el espíritu de personas, muchas anónimas, que apostaron para conservar y proteger a unos de los seres vivos más longevos del Planeta, y la capacidad del cual de crecer durante toda su vida nos permite hoy en día sorprendernos con sus dimensiones o por características que nada tienen que ver con las medidas sino con sus rarezas, su forma peculiar, los hechos históricos asociados a ellos o porque son especies únicas. Han recorrido enormes distancias desde rincones lejanos de todo el mundo, para llegar hasta aquí. Dar la vuelta en el mundo en una mañana, a los Jardines del Real (Viveros), es posible gracias a estos árboles.","La presència d'Arbres Monumentals i Singulars a la ciutat de València, reflecteix l'esperit de persones, moltes anònimes, que van apostar per conservar i protegir a uns dels éssers vius més longeus del Planeta, i la capacitat del qual de créixer durant tota la seua vida ens permet hui dia sorprendre'ns amb les seues dimensions o per característiques que res tenen a veure amb les mesures sinó amb les seues rareses, la seua forma peculiar, els fets històrics associats a ells o perquè són espècies úniques. Han recorregut enormes distàncies des de racons llunyans de tot el món, per a arribar fins ací. Donar la volta al món en un matí, als Jardins del Real (Vivers), és possible gràcies a aquests arbres.","The presence of Monumental and Singular Trees in the city of Valencia, reflects the spirit of people, many anonymous, who bet to preserve and protect some of the longest living beings of the planet, and the ability of which to grow throughout their lives allows us today to be surprised with its dimensions or characteristics that have nothing to do with the measures but with their rarities, their peculiar shape, the historical facts associated with them or because they are unique species. They have traveled enormous distances from distant corners of the world to get here. To go around the world in one morning, to the Jardines del Real (Viveros), is possible thanks to these trees"
Arbres: La volta al món,"Ruta que contiene árboles originarios de todo el mundo, situados todos ellos en los Jardines del Real (Viveros), en el corazón de València.","Route that contains trees originating from all over the world, all of them located in the Jardines del Real (Viveros), in the heart of Valencia.","Ruta que conté arbres originaris de tot el món, situats tots ells als Jardins del Real (Vivers), en el cor de València.",30,baja,Entrada Jardines del Real (C/ San Pio V),Museo de Ciencias Naturales,https://cultural.valencia.es/wp-content/uploads/2019/01/Arbres_als_jardins_de_Vivers_de_València.jpg,https://cultural.valencia.es/es/ruta/arboles-la-vuelta-al-mundo/,peu,Turística,"La presencia de Árboles Monumentales y Singulares en la ciudad de València, refleja el espíritu de personas, muchas anónimas, que apostaron para conservar y proteger a unos de los seres vivos más longevos del Planeta, y la capacidad del cual de crecer durante toda su vida nos permite hoy en día sorprendernos con sus dimensiones o por características que nada tienen que ver con las medidas sino con sus rarezas, su forma peculiar, los hechos históricos asociados a ellos o porque son especies únicas. Todos ellos de forma silenciosa contribuyen en la lucha contra el cambio climático. Son nuestros aliados y jugarán un papel importante en el interior de las ciudades. Todos ellos nos hacen la vida más agradable. Son los Testigos vivos de nuestra historia, los viajeros del tiempo y del espacio, son los herederos del modelo de ciudad sostenible que construimos ahora. La ruta Testigos de la Historia es una razón mas para recorrer el anillo ciclista, es la oportunidad de conocer un anillo de Árboles Monumentales y Singulares rodeando la Ciutat Vella, cargada de historia y de la cual muchos de estos árboles han sido testigos.","La presència d’Arbres Monumentals i Singulars a la ciutat de València, reflecteix l’esperit de persones, moltes anònimes, que van apostar per conservar i protegir a uns dels éssers vius més longeus del Planeta, i la capacitat del qual de créixer durant tota la seua vida ens permet hui dia sorprendre’ns amb les seues dimensions o per característiques que res tenen a veure amb les mesures sinó amb les seues rareses, la seua forma peculiar, els fets històrics associats a ells o perquè són espècies úniques.Tots ells de forma silenciosa contribueixen en la lluita contra el canvi climàtic. Són els nostres aliats i jugaran un paper important a l’interior de les ciutats.Tots ells ens fan la vida més agradable. Són els Testimonis vius de la nostra història, els viatgers del temps i de l’espai, són els hereus del model de ciutat sostenible que construïm ara.La ruta Testimonis de la Història és una raó mes per a recórrer l’anell ciclista, és l’oportunitat de conéixer un anell d’Arbres Monumentals i Singulars envoltant la Ciutat Vella, carregada d’història i de la qual molts d’aquests arbres han sigut testimonis.","The presence of Monumental and Singular Trees in the city of Valencia, reflects the spirit of people, many anonymous, who bet to preserve and protect some of the longest-lived living beings on the planet, and the ability of which to grow throughout his life allows us today to be surprised with its size or characteristics that have nothing to do with the measures but with their rarity, its peculiar shape, the historical facts associated with them or because they are unique species. All of them silently contribute to the fight against climate change. They are our allies and will play an important role inside cities. They all make our lives more pleasant. They are the living witnesses of our history, the travelers of time and space, they are the heirs of the sustainable city model that we are building now. The Witnesses of History route is one more reason to ride the cycling ring, it is the opportunity to know a ring of Monumental and Singular Trees surrounding the Ciutat Vella, full of history and of which many of these trees have been witnesses."
Arbres: Els indians,"Ruta por el barrio de Ayora que finaliza al Jardín del mismo nombre, donde podemos encontrar varios ejemplares procedentes otros continentes del mundo.","Route through the neighborhood of Ayora that ends in the Garden of the same name, where we can find several specimens from other continents of the world","Ruta pel barri dAyora que finalitza al Jardí del mateix nom, on podem trobar diversos exemplars procedents altres continents del món.",60,baja,Av. de J. J. Dómine,Palacete de Ayora,https://cultural.valencia.es/wp-content/uploads/2019/01/indianslistado.jpg,https://cultural.valencia.es/es/ruta/arboles-los-indianos/,peu,Turística,"La presencia de Árboles Monumentales y Singulares en la ciudad de València, refleja el espíritu de personas, muchas anónimas, que apostaron para conservar y proteger a unos de los seres vivos más longevos del Planeta, y la capacidad del cual de crecer durante toda su vida nos permite hoy en día sorprendernos con sus dimensiones o por características que nada tienen que ver con las medidas sino con sus rarezas, su forma peculiar, los hechos históricos asociados a ellos o porque son especies únicas. Los “Indianos” es la ruta de los que vienen de muy lejos, los llevaron aquellas personas que se aventuraron a cruzar el Atlántico y volvieron. Y con ellos llegaron especies exóticas, que los acompañaron en su viaje de retorno. Hoy forman parte de nuestro paisaje urbano y nos recuerdan a aquellos “indianos”.","La presència d’Arbres Monumentals i Singulars a la ciutat de València, reflecteix l’esperit de persones, moltes anònimes, que van apostar per conservar i protegir a uns dels éssers vius més longeus del Planeta, i la capacitat del qual de créixer durant tota la seua vida ens permet hui dia sorprendre’ns amb les seues dimensions o per característiques que res tenen a veure amb les mesures sinó amb les seues rareses, la seua forma peculiar, els fets històrics associats a ells o perquè són espècies úniques. Els “Indians” és la ruta dels que vénen de molt lluny, els van portar aquelles persones que es van aventurar a creuar l’Atlàntic i van tornar. I amb ells van arribar espècies exòtiques, que els van acompanyar en el seu viatge de retorn. Hui formen part del nostre paisatge urbà i ens recorden a aquells “indians”.","The presence of Monumental and Singular Trees in the city of Valencia, reflects the spirit of people, many anonymous, who bet to preserve and protect some of the longest-lived living beings of the Planet, and the ability of which to grow throughout their lives allows us today to be surprised with their dimensions or characteristics that have nothing to do with the measures but with their rarities, their peculiar shape, the historical facts associated with them or because they are unique species. The ""Indianos"" is the route of those who come from far away, they were taken by those people who ventured across the Atlantic and returned. And with them came exotic species, which accompanied them on their return journey. Today they are part of our urban landscape and remind us of those ""Indians""."
Arbres: Un passeig per l’Albereda,"Esta ruta nos traslada a este emblemático lugar el nombre el cual tiene su origen en la presencia de unos árboles, los álamos, de los cuales todavía podemos encontrar algún ejemplar.","This route takes us to this emblematic place whose name has its origin in the presence of some trees, the poplars, of which we can still find some specimens","Aquesta ruta ens trasllada a aquest emblemàtic lloc el nom el qual té el seu origen en la presència duns arbres, els àlbers, dels quals encara podem trobar algun exemplar.",60,baja,Plaza de Zaragoza,Avenida de Blasco Ibañez (Confederación hidrográfica del Júcar),https://cultural.valencia.es/wp-content/uploads/2019/02/rsz_19549561108_c68ef1c8b0_k.jpg,https://cultural.valencia.es/es/ruta/arboles-un-paseo-por-la-alameda/,peu,Turística,"La alameda nació con vocación de ser un paseo para la ciudadanía. Por eso, “Un paseo por la alameda” nos traslada a este emblemático lugar el nombre el cual tiene su origen en la presencia de unos árboles, los álamos, de los cuales todavía podemos encontrar algún ejemplar y nos permitirá descubrir un gran número de especies, singulares y monumentales en una parte de la ciudad cargada de historia.","L’albereda va nàixer amb vocació de ser un passeig per a la ciutadania. Per això, “Un passeig per l’albereda” ens trasllada a aquest emblemàtic lloc el nom el qual té el seu origen en la presència d’uns arbres, els àlbers, dels quals encara podem trobar algun exemplar i ens permetrà descobrir un gran nombre d’espècies, singulars i monumentals en una part de la ciutat carregada d’història.","The alameda was born with the vocation of being a walk for the citizens. Therefore, ""A walk through the alameda"" takes us to this emblematic place whose name has its origin in the presence of some trees, poplars, of which we can still find some specimens and allow us to discover a large number of species, unique and monumental in a part of the city full of history."
Arbres: Un viatge pel Mediterrani,"La presencia de Árboles Monumentales y Singulares a la ciudad de Valencia, refleja el espíritu de personas, muchas anónimas, que apostaron para conservar y proteger a unos de los seres vivos más longevos del Planeta, y la capacidad del cual de crecer d","The presence of Monumental and Singular Trees in the city of Valencia, reflects the spirit of people, many anonymous, who bet to conserve and protect some of the longest-lived living beings of the planet, and the ability of which to grow d","La presència dArbres Monumentals i Singulars a la ciutat de València, reflecteix lesperit de persones, moltes anònimes, que van apostar per a conservar i protegir a uns dels éssers vius més longeus del Planeta, i la capacitat del qual de créixer d",60,baja,Parque Wangari Maathai,Centro Cultural la Rambleta,https://cultural.valencia.es/wp-content/uploads/2019/01/phoenix_dactylifera_malditofriki-1.jpg,https://cultural.valencia.es/es/ruta/arboles-un-viaje-por-el-mediterraneo/,peu,Turística,"“Un viaje por el Mediterráneo” es una travesía por un Mar de culturas y un “Mar” de árboles, en los dominios del Mare Nostrum, ellos hablan y vinculan nuestros lazos históricos. Diferentes países con un nexo común: el clima y sus árboles. Y para descubrirlo, nada mejor que el Jardín de la *Rambleta, diseñado por sus creadores para “cuestionar la relación de los humanos con la naturaleza poderosa a la visión de omnipotencia del humano capaz de doblarla a su conveniencia, optando ahora por la investigación de una relación de respeto e integración”.","“Un viatge pel Mediterrani” és una travessia per un Mar de cultures i un “Mar” d’arbres, en els dominis del Mare Nostrum, ells en parlen i vinculen els nostres llaços històrics. Diferents països amb un nexe comú: el clima i els seus arbres.I per a descobrir-ho, res millor que el Jardí de la Rambleta, dissenyat per els seus creadors per a “qüestionar la relació dels humans amb la naturalesa poderosa a la visió d’omnipotència de l’humà capaç de doblegar-la a la seua conveniència, optant ara per la recerca d’una relació de respecte i integració”.","""A journey through the Mediterranean"" is a journey through a Sea of cultures and a ""Sea"" of trees, in the domains of the Mare Nostrum, they speak and link our historical ties. Different countries with a common link: the climate and its trees. And to discover it, nothing better than the Garden of the *Rambleta, designed by its creators to ""question the relationship of humans with the powerful nature to the vision of omnipotence of the human being able to bend it to his convenience, opting now for the investigation of a relationship of respect and integration."
Ruta Carrer Russafa - la Llotja,"La ruta que transcurre entre la Calle Ruzafa y el monumento de la Lonja es un recorrido obligado para cualquier persona que quiera conocer la esencia de Valencia y su patrimonio histórico único. Es un paseo que el visitante percibirá cargado de solera,","The route that runs between Ruzafa Street and the monument of La Lonja is a must for anyone who wants to know the essence of Valencia and its unique historical heritage. It is a walk that the visitor will perceive loaded with tradition,","La ruta que transcorre entre el Carrer *Ruzafa i el monument de la Llotja és un recorregut obligat per a qualsevol persona que vulga conéixer lessència de València i el seu patrimoni històric únic. És un passeig que el visitant percebrà carregat de solera,",360,baja,Plaza de Toros,Iglesia de los Santos Juanes,https://cultural.valencia.es/wp-content/uploads/2018/10/MERCAT-CENTRAL-destacada.jpg,https://cultural.valencia.es/es/ruta/carrer-russafa-la-llotja/,peu,Patrimonial,"La ruta que transcurre entre la Calle *Russafa y el monumento de la Llotja es un recorrido obligado para cualquier persona que quiera conocer la esencia de València y su patrimonio histórico único. Es un paseo que el visitante percibirá cargado de solera, andando por unas calles en las cuales late con ánimo el pulso de una ciudad moderna que ha sabido evolucionar sin renunciar a sus tradiciones. En este entorno privilegiado transcurre desde hace siglos la actividad cotidiana de miles y miles de valencianos. Unas calles siempre vigiladas por la imponente presencia de algunos de los monumentos más emblemáticos y reconocibles de nuestro paisaje urbano. El recorrido transcurre en pleno centro de la ciudad, por el distrito de Ciutat Vella, y en su transcurso conviven de forma armónica sus principales edificios administrativos, teatros centenarios, antiguas iglesias, comercios antiguos y modernos, centros culturales y otras joyas artísticas y arquitectónicas representativas de València.","La ruta que transcorre entre el Carrer Russafa i el monument de la Llotja és un recorregut obligat per a qualsevol persona que vulga conèixer l’essència de València i el seu patrimoni històric únic.És un passeig que el visitant percebrà carregat de solera, caminant per uns carrers en les quals batega amb ànim el pols d’una ciutat moderna que ha sabut evolucionar sense renunciar a les seues tradicions.En aquest entorn privilegiat transcorre des de fa segles l’activitat quotidiana de milers i milers de valencians. Uns carrers sempre vigilats per la imponent presència d’alguns dels monuments més emblemàtics i recognoscibles del nostre paisatge urbà.El recorregut transcorre en ple centre de la ciutat, pel districte de Ciutat Vella, i en el seu transcurs conviuen de forma harmònica els seus principals edificis administratius, teatres centenaris, antigues esglésies, comerços antics i moderns, centres culturals i altres joies artístiques i arquitectòniques representatives de València.","The route that runs between Russafa Street and the monument of the Llotja is a must for anyone who wants to know the essence of Valencia and its unique historical heritage. It is a walk that the visitor will perceive full of tradition, walking through streets in which the pulse of a modern city that has evolved without renouncing its traditions beats with spirit. In this privileged environment, the daily activity of thousands and thousands of Valencians has been taking place for centuries. The streets are always watched over by the imposing presence of some of the most emblematic and recognizable monuments of our urban landscape. The route runs through the heart of the city, through the district of Ciutat Vella, and in its course coexist harmoniously its main administrative buildings, centuries-old theaters, ancient churches, old and modern stores, cultural centers and other artistic and architectural jewels representative of Valencia."
Contes Blasco Ibañez – Ruta 1,"La primera ruta de Cuentos de Blasco Ibañez permite redescubrir espacios existentes como la plaza de toros y otros ya desaparecidos como la puerta de San Vicente y el penal de San Agustín, incluso otros en los solares del cual hay edificaciones con usos muy diferentes, caso de la prisión de Sant Gregori.","The first route of Tales of Blasco Ibañez allows to rediscover existing spaces such as the bullring and others already disappeared as the door of San Vicente and the prison of San Agustin, even others in the lots of which there are buildings with very different uses, such as the prison of Sant Gregori.","La primera ruta de Contes de Blasco Ibañez permet redescobrir espais existents com la plaça de bous i altres ja desapareguts com la porta de Sant Vicent i el penal de Sant Agustí, fins i tot uns altres en els solars del qual hi ha edificacions amb usos molt diferents, cas de la presó de Sant Gregori.",105,baja,Plaza de Toros,Casa natal de San Vicente Ferrer,https://cultural.valencia.es/wp-content/uploads/2018/08/rutes-literaries-blasco-ibañez-191x300.jpg,https://cultural.valencia.es/es/ruta/cuentos-blasco-ibanez-ruta-1/,peu,Literària,"La primera ruta de Cuentos de Blasco Ibañez permite redescubrir espacios existentes como la plaza de toros y otros ya desaparecidos como la puerta de San Vicente y el penalti de San Agustín, incluso otros en los solares del cual hay edificaciones con usos muy diferentes, caso de la prisión de Sant Gregori. Desde allí, y siguiendo la calle de las Barcas, llegaremos hasta la iglesia del Patriarca para dar finalmente con el *Pouet de San Vicente","La primera ruta de Contes de Blasco Ibañez permet redescobrir espais existents com la plaça de bous i uns altres ja desapareguts com la porta de Sant Vicent i el penal de Sant Agustín, fins i tot uns altres en els solars del qual hi ha edificacions amb usos molt diferents, cas de la presó de Sant Gregori. Des d’allí, i seguint el carrer de les Barques, arribarem fins a l’església del Patriarca per a donar finalment amb el Pouet de Sant Vicent","The first route of Cuentos de Blasco Ibañez allows rediscovering existing spaces such as the bullring and others already disappeared as the door of San Vicente and the San Agustin prison, even others in the lots of which there are buildings with very different uses, as in the case of the prison of Sant Gregori. From there, and following the street of the Barcas, we will arrive until the church of the Patriarch to give finally with the *Pouet of San Vicente"
Contes Blasco Ibañez – Ruta 2,"En este segundo itinerario, llegaremos hasta el centro histórico de la ciudad, partiendo desde el oeste y cruzando la cama del Turia a través del mismo puente por el cual discurría lo roder que protagonizaba el relato, ya citado, de «Guapeza valenciana».","In this second itinerary, we will arrive until the historical center of the city, leaving from the west and crossing the bed of the Turia through the same bridge by which the roder that starred in the story, already mentioned, of ""Valencian Guapeza"" ran","En aquest segon itinerari, arribarem fins al centre històric de la ciutat, partint des de loest i creuant el llit del Túria a través del mateix pont pel qual discorria el *roder que protagonitzava el relat, ja citat, de «*Guapeza valenciana».",105,baja,Puente de San José,La Lonja,https://cultural.valencia.es/wp-content/uploads/2018/08/rutes-literaries-blasco-ibañez-191x300.jpg,https://cultural.valencia.es/es/ruta/cuentos-blasco-ibanez-ruta-2/,peu,Literària,"El segundo itinerario de los cuentos de Blasco Ibañez nos puede llevar desde el puente de Sant Josep a los lugares donde estuvo situada la capilla del gremio de los curtidores, frente a las *Alameditas de Serranos. A continuación, se accederá al palacio de la Generalitat, donde siglos atrás estuvo la Real Audiencia, y bordeando lo *Miguelete se recorrerá la antigua zona de las platerías para desembocar en la plaza del Mercado y acabar el recorrido junto a la Llotja.","El segon itinerari dels contes de Blasco Ibañez ens pot portar des del pont de Sant Josep als llocs on va estar situada la capella del gremi dels blanquers, enfront de les Alameditas de Serrans. Tot seguit, s’accedirà al palau de la Generalitat, on segles arrere va estar la Real Audiència, i vorejant el Miguelete es recorrerà l’antiga zona de les argenteries per a desembocar en la plaça del Mercat i acabar el recorregut al costat de la Llotja.","The second itinerary of the stories of Blasco Ibañez can take us from the bridge of Sant Josep to the places where the chapel of the tanners guild was located, in front of the *Alameditas de Serranos. Then, it will accede to the palace of the Generalitat, where centuries ago was the Real Audiencia, and skirting the *Miguelete it will cross the old zone of the platerías to end up in the square of the Market and to finish the route next to the Llotja."
Entre Naranjos,"Ateniéndonos a lo narrado en la novela Entre naranjos, se traza una ruta donde se sitúan los espacios por los que transitó el protagonista alcireño del relato en su breve estancia en la ciudad antes de emprender una fuga amorosa con la hermosa cantante de ópera Leonora.","Following the narration of the novel ""Entre naranjos"", a route is traced where the spaces through which the protagonist from Alcira travelled during his brief stay in the city before embarking on his amorous escape with the beautiful opera singer Leonora","Atenint-nos al narrat en la novel·la Entre tarongers, es traça una ruta on se situen els espais pels quals va transitar el protagonista alzireny del relat en la seua breu estada a la ciutat abans demprendre una fugida amorosa amb la bella cantant dòpera Leonora.",105,baja,Estación de Tren,Alameda,https://cultural.valencia.es/wp-content/uploads/2018/07/entre-naranjos-1-wpcf_199x300.jpg,https://cultural.valencia.es/es/ruta/entre-naranjos/,peu,Literària,"Ateniéndonos al narrado en la novela Entre *naranjos, se traza una ruta donde se sitúan los espacios por los cuales transitó el protagonista *alcireny del relato en su breve estancia en la ciudad antes de emprender una fuga amorosa con la bella cantante de ópera *Leonora. En concreto, partiendo desde la esquina de la calle *Lauria con la plaza del Ayuntamiento, se sigue hasta el lugar donde estuvo el desaparecido Café de España. Por la calle de las Barcas se llega hasta el Teatro Principal, y desde allí al Hotel Inglés (antaño de Roma), informando sobre la plaza de *Villarrasa y el palacio del Marqués de Dos Aguas. Después, se accede en la Universidad Literaria desde la calle de la Nave, para marchar a continuación al Parterre, cruzando después por el puente del Real hasta desembocar en la Alameda. Si bien la historia narrada en Entre *naranjos transcurre, fundamentalmente, en un ámbito rural que condiciona de manera decisiva la peripecia amorosa de los protagonistas y sirve al autor para denunciar las maneras del caciquismo y la política local, el desplazamiento de los personajes hasta València permite materializar un interesante itinerario.","Atenint-nos al narrat en la novel·la Entre naranjos, es traça una ruta on se situen els espais pels quals va transitar el protagonista alcireny del relat en la seua breu estada en la ciutat abans d’emprendre una fugida amorosa amb la bella cantant d’òpera Leonora. En concret, partint des de la cantonada del carrer Lauria amb la plaça de l’Ajuntament, se segueix fins al lloc on va estar el desaparegut Café de España. Per el carrer de les Barques s’arriba fins al Teatre Principal, i des d’allí a l’Hotel Inglés (antany de Roma), informant sobre la plaça de Villarrasa i el palau del Marquès de Dosaigües. Després, s’accedeix a la Universitat Literària des del carrer de la Nau, per a marxar a continuació al Parterre, creuant després pel pont del Real fins a desembocar en l’Albereda.Si bé la història narrada en Entre naranjos transcorre, fonamentalment, en un àmbit rural que condiciona de manera decisiva la peripècia amorosa dels protagonistes i servix a l’autor per a denunciar les maneres del caciquisme i la política local, el desplaçament dels personatges fins a València permet materialitzar un interessant itinerari.","Attening to the narrated one in the novel Between *naranjos, a route is traced where the spaces are located by which the protagonist *alcireny of the story transited in his brief stay in the city before undertaking an amorous escape with the beautiful singer of opera *Leonora. Specifically, starting from the corner of the street *Lauria with the square of the Town hall, one continues up to the place where the disappeared Café de España was. By the street of the Barcas one arrives until the Principal Theater, and from there to the English Hotel (formerly of Rome), reporting on the square of *Villarrasa and the palace of the Marqués de Dos Aguas. Afterwards, one enters the Literary University from the street of the Nave, to march next to the Parterre, crossing later by the bridge of the Real until flowing into the Alameda. Although the story narrated in Entre *naranjos takes place, fundamentally, in a rural environment that conditions in a decisive way the amorous vicissitude of the protagonists and serves to the author to denounce the ways of the caciquismo and the local politics, the displacement of the characters until València allows to materialize an interesting itinerary."
Glorieta-Santa Catalina,"Es un auténtico placer darse un paseo tranquilo, sin prisas, por estas calles impregnadas de historia, tan características de Valencia, admirando cada detalle que surge a nuestro paso, visitando los sitios más interesantes. Esta ruta combina la riqueza","It is a real pleasure to take a leisurely stroll, unhurried, through these streets steeped in history, so characteristic of Valencia, admiring every detail that emerges in our path, visiting the most interesting places. This route combines richness","És un autèntic plaer fer-se una passejada tranquil, sense presses, per aquests carrers impregnats dhistòria, tan característiques de València, admirant cada detall que sorgeix al nostre pas, visitant els llocs més interessants. Aquesta ruta combina la riquesa",240,,Santa Catalina,Glorieta,https://cultural.valencia.es/wp-content/uploads/2018/10/logotipo-patriarca.jpg,https://cultural.valencia.es/es/ruta/glorieta-santa-catalina/,peu,Patrimonial,"Es un auténtico placer darse un paseo tranquila, sin prisas, por estas calles impregnadas de historia, tan características de València, admirando cada detalle que surge a nuestro paso, visitando los lugares más interesantes. Esta ruta combina la riqueza patrimonial de monumentos civiles y religiosos, que localizamos principalmente en Ciutat Vella, con la visita a calles residenciales y zonas ajardinadas que han servido como lugares de descanso, recreo y vida social para valencianos de varias generaciones. Desde la Iglesia de Santa Catalina y los alrededores de Calle de la Pau hasta el Palacio del Marqués de Dos Aguas, visitamos los Jardines de la Glorieta, la Universidad vieja y el Teatro Principal, entre otros atractivos puntos de destino.","És un autèntic plaure fer-se una passejada tranquil·la, sense presses,  per aquests carrers impregnats d’història, tan característiques de València, admirant cada detall que sorgeix al nostre pas, visitant els llocs més interessants.Aquesta ruta combina la riquesa patrimonial de monuments civils i religiosos, que localitzem principalment a Ciutat Vella, amb la visita a carrers residencials i zones enjardinades que han servit com a llocs de descans, esbarjo i vida social per a valencians de diverses generacions.Des de l’Església de Santa Catalina i els voltants de Carrer de la Pau fins al Palau del Marquès de Dosaigües, visitem els Jardins de la Glorieta, la Universitat vella i el Teatre Principal, entre altres atractius punts de destinació.","It is a real pleasure to take a leisurely, unhurried stroll through these streets steeped in history, so characteristic of Valencia, admiring every detail that emerges in our path, visiting the most interesting places. This route combines the rich heritage of civil and religious monuments, which we locate mainly in Ciutat Vella, with the visit to residential streets and garden areas that have served as places of rest, recreation and social life for Valencians of several generations. From the Church of Santa Catalina and the surroundings of Calle de la Pau to the Palace of the Marquis of Dos Aguas, we visit the Glorieta Gardens, the Old University and the Teatro Principal, among other attractive destination points."
Jardins del Reial - Glorieta,"Esta ruta explora lugares históricos de nuestra ciudad, algunos en pleno casco antiguo. Aunque en este caso escapa por unas horas de Ciutat Vella, cruzando el río, para mostrarnos parajes urbanos valencianos de inigualable belleza. El primer recorrido","This route explores historical places of our city, some in the old town. Although in this case it escapes for a few hours from Ciutat Vella, crossing the river, to show us urban Valencian places of unparalleled beauty. The first route","Aquesta ruta explora llocs històrics de la nostra ciutat, alguns en ple barri antic. Encara que en aquest cas escapa per unes hores de Ciutat Vella, travessant el riu, per a mostrar-nos paratges urbans valencians dinigualable bellesa. El primer recorregut",180,,Jardines del Real,Glorieta,https://cultural.valencia.es/wp-content/uploads/2018/10/palacio-cervello-logotipo.jpg,https://cultural.valencia.es/es/ruta/jardins-del-reial-glorieta/,peu,Patrimonial,"Esta ruta explora lugares históricos de nuestra ciudad, algunos en pleno casco antiguo. Aunque en este caso escapa por unas horas de Ciutat Vella, cruzando el río, para mostrarnos parajes urbanos valencianos de inigualable belleza. El primer recorrido visita algunas de las zonas verdes más señaladas y frecuentadas de la ciudad, como los Viveros o la Alameda, y utiliza los puentes sobre el Jardín del Turia para ir de un lado a otro con fluidez. Al otro lado del antiguo río prosigue nuestro recorrido verde en la Glorieta. Y será precisamente de vuelta al distrito Ciutat Vella, donde visitaremos algunos de los principales monumentos civiles y eclesiásticos que definen en esta ciudad.","Aquesta ruta explora llocs històrics de la nostra ciutat, alguns en ple casc antic. Encara que en aquest cas escapa per unes hores de Ciutat Vella, creuant el riu, per a mostrar-nos paratges urbans valencians de inigualable bellesa.El primer recorregut visita algunes de les zones verdes més assenyalades i freqüentades de la ciutat, com els Vivers o l’Albereda, i utilitza els ponts sobre el Jardí del Túria per a anar d’un costat a un altre amb fluïdesa.A l’altre costat de l’antic riu prossegueix el nostre recorregut verd en la Glorieta. I serà precisament de tornada al districte Ciutat Vella, on visitarem alguns dels principals monuments civils i eclesiàstics que defineixen a aquesta ciutat.","This route explores historical places of our city, some of them in the old town. Although in this case it escapes for a few hours from Ciutat Vella, crossing the river, to show us urban Valencian places of unparalleled beauty. The first route visits some of the most important and frequented green areas of the city, such as the Viveros or the Alameda, and uses the bridges over the Turia Garden to go from one side to the other smoothly. On the other side of the old river continues our green route in the Glorieta. And it will be precisely back to the Ciutat Vella district, where we will visit some of the main civil and ecclesiastical monuments that define in this city."
La barraca,"Aunque el núcleo principal de la acción de La barraca transcurre en la huerta de Alboraya, los personajes se desplazan con cierta frecuencia a València, por lo que a partir de sus movimientos es posible trazar el siguiente itinerario por la ciudad, que se completa con algunos espacios estrechamente vinculados a la biografía de Vicente Blasco Ibáñez.","Although the main core of the action of La barraca takes place in the orchard of Alboraya, the characters move with some frequency to Valencia, so that from their movements it is possible to trace the following itinerary through the city, which is completed with some spaces closely linked to the biography of Vicente Blasco Ibáñez","Encara que el nucli principal de lacció de la barraca transcorre en lhorta dAlboraia, els personatges es desplacen amb una certa freqüència a València, per la qual cosa a partir dels seus moviments és possible traçar el següent itinerari per la ciutat, que es completa amb alguns espais estretament vinculats a la biografia de Vicente Blasco Ibáñez.",90,baja,Puente y torre de Serranos,"Calle de las Barcas, esquina Pascual y Genís o calle Guillem de Castro",https://cultural.valencia.es/wp-content/uploads/2018/07/labarraca-wpcf_194x300.jpg,https://cultural.valencia.es/es/ruta/la-barraca/,peu,Literària,"Otra vez, siguiendo el movimiento de varios personajes de la novela *blasquista desde Alboraya hasta la ciudad, se propone un recorrido que parte desde las torres de Serranos, fluye a continuación hasta la plaza de la Virgen y lo *Miguelete, y se adentra en la zona del Mercado Central. Desde allí se contemplan dos opciones en el itinerario: acceso en el barrio de *Velluters, con paradas en el Colegio Mayor de la Seda y el antiguo Hospital General, o recorrido hasta el que fue el barrio de Pescadores. Aunque el núcleo principal de la acción de La barraca transcurre en la huerta de Alboraya, los personajes se desplazan con cierta frecuencia en València, por lo cual a partir de sus movimientos es posible trazar el itinerario siguiente por la ciudad, que se completa con algunos espacios estrechamente vinculados a la biografía de Vicent Blasco Ibáñez.","Una altra vegada, seguint el moviment de diversos personatges de la novel·la blasquista des d’Alboraia fins a la ciutat, es proposa un recorregut que parteix des de les torres de Serrans, flueix a continuació fins a la plaça de la Verge i el Miguelete, i s’endinsa en la zona del Mercat Central. Des d’allí es contemplen dues opcions en l’itinerari: accés al barri de Velluters, amb parades en el Col·legi Major de la Seda i l’antic Hospital General, o recorregut fins al que va anar el barri de Pescadors.Encara que el nucli principal de l’acció de La barraca transcorre en l’horta d’Alboraia, els personatges es desplacen amb una certa freqüència a València, per la qual cosa a partir dels seus moviments és possible traçar l’itinerari següent per la ciutat, que es completa amb alguns espais estretament vinculats a la biografia de Vicent Blasco Ibáñez.","Again, following the movement of several characters of the novel *blasquista from Alboraya to the city, a route is proposed that starts from the towers of Serranos, then flows to the Plaza de la Virgen and the *Miguelete, and enters the area of the Central Market. From there two options are contemplated in the itinerary: access in the neighborhood of *Velluters, with stops at the Colegio Mayor de la Seda and the old General Hospital, or route to what was the neighborhood of Fishermen. Although the main core of the action of La barraca takes place in the orchard of Alboraya, the characters move with some frequency in València, so from their movements it is possible to trace the following itinerary through the city, which is completed with some spaces closely linked to the biography of Vicent Blasco Ibáñez."
Ruta Cultural Anell Ciclista,El anillo ciclista de la ciudad permite disfrutar a su paso de edificios y sitios emblemáticos de la ciudad. Todo un gusto ir en bicicleta y poder empaparse de la cultura y de la historia de la ciudad de Valencia. ,The citys cycling ring allows you to enjoy the citys emblematic buildings and sites along the way. It is a pleasure to ride a bike and soak up the culture and history of the city of Valencia.,Lanell ciclista de la ciutat permet gaudir al seu pas dedificis i llocs emblemàtics de la ciutat. Tot un gust anar amb bicicleta i poder xopar-se de la cultura i de la història de la ciutat de València.\*xa0,90,baja,Puerta del Mar,Jardines de la Glorieta,https://cultural.valencia.es/wp-content/uploads/2018/07/ruta-anell-ciclista-cultural-valencia-logotip.jpg,https://cultural.valencia.es/es/ruta/ruta-cultural-anillo-ciclista/,bicicleta,Històrica,El anillo ciclista de la ciudad permite disfrutar a su paso de edificios y lugares emblemáticos de la ciudad. Todo un gusto ir en bicicleta y poder empaparse de la cultura y la historia de la ciudad de València.,L’anell ciclista de la ciutat permet gaudir al seu pas d’edificis i llocs emblemàtics de la ciutat. Tot un gust anar amb bicicleta i poder amarar-se de la cultura i la història de la ciutat de València.,The citys cycling ring allows you to enjoy the citys emblematic buildings and places along the way. It is a pleasure to ride a bike and soak up the culture and history of the city of Valencia
Ruta de la Seda,"En esta ruta repasamos el rico legado histórico y patrimonial que dejó el comercio de la seda en Valencia. Entre los siglos XIV y XVIII esta fue una ciudad muy importante en la producción de tejidos, la industria más potente en dicho periodo. Desde el","In this route we review the rich historical and patrimonial legacy left by the silk trade in Valencia. Between the fourteenth and eighteenth centuries this was a very important city in the production of fabrics, the most powerful industry in that period. From the","En aquesta ruta repassem el ric llegat històric i patrimonial que va deixar el comerç de la seda a València. Entre els segles XIV i XVIII aquesta va ser una ciutat molt important en la producció de teixits, la indústria més potent en aquest període. Des del",120,,Palau de Tamarit,Palau de Malferit,https://cultural.valencia.es/wp-content/uploads/2018/10/ruta-de-la-seda-logo.jpg,https://cultural.valencia.es/es/ruta/ruta-de-la-seda/,peu,Històrica,"En esta ruta repasamos el rico legado histórico y patrimonial que dejó el comercio de la seda en València. Entre los siglos XIV y XVIII esta fue una ciudad muy importante en la producción de tejidos, la industria más potente en este periodo. Desde el año 2015 València forma parte de un programa de la UNESCO y de la Organización Mundial del Turismo para la difusión del patrimonio cultural de la Ruta de la Seda. Así es como se denominó a los itinerarios comerciales de mercancías que, aparte de la seda, también incluían cerámicas y otros productos que llegaban desde China hacia Europa. La cría del gusano de seda fue incorporada por los árabes en la península ibérica durante el S. VIII. Así fue como la huerta valenciana se llenó de moreras siglos antes de que el naranjo las destronara. Después, los genovesas llevaron las más nuevas técnicas de producción en València y los artesanos *sederos se instalaron en el Barrio de *Velluters, donde se manufacturaba el tejido.","En aquesta ruta repassem el ric llegat històric i patrimonial que va deixar el comerç de la seda a València. Entre els segles XIV i XVIII aquesta va ser una ciutat molt important en la producció de teixits, la indústria més potent en aquest període.Des de l’any 2015 València forma part d’un programa de la UNESCO i de l’Organització Mundial del Turisme per a la difusió del patrimoni cultural de la Ruta de la Seda. Així és com es va denominar als itineraris comercials de mercaderies que, a part de la seda, també incloïen ceràmiques i altres productes que arribaven des de Xina cap a Europa.La cria del cuc de seda va ser incorporada pels àrabs en la península ibèrica durant el S. VIII. Així va ser com l’horta valenciana es va omplir de moreres segles abans que el taronger les destronara. Després, els genoveses van portar les més noves tècniques de producció a València i els artesans sederos es van instal·lar en el Barri de Velluters, on es manufacturava el teixit.","On this route we review the rich historical and heritage legacy left by the silk trade in València. Between the fourteenth and eighteenth centuries this was a very important city in the production of fabrics, the most powerful industry in this period. Since 2015 València is part of a program of UNESCO and the World Tourism Organization for the dissemination of the cultural heritage of the Silk Road. This is the name given to the commercial itineraries of goods that, apart from silk, also included ceramics and other products that came from China to Europe. The breeding of the silkworm was incorporated by the Arabs in the Iberian Peninsula during the 8th century. Thus it was that the Valencian orchard was filled with mulberry trees centuries before the orange tree dethroned them. Later, the Genoese brought the newest techniques of production in València and the craftsmen *sederos settled in the Neighborhood of *Velluters, where the fabric was manufactured."
Ruta dels Pecats a l'entorn del Mercat Central,"El triángulo que conforman tres de los edificios más señeros de nuestra ciudad, La Lonja, el Mercado y la Iglesia de los Santos Juanes, conforman el muestrario de un auténtico zoológico de piedra y metal.","The triangle formed by three of the most emblematic buildings of our city, La Lonja, the Market and the Church of Santos Juanes, form the sample of an authentic zoo of stone and metal","El triangle que conformen tres dels edificis més capdavanters de la nostra ciutat, La Llotja, el Mercat i lEsglésia dels Sants Joans, conformen el mostrari dun autèntic zoològic de pedra i metall.",60,baja,Explanada de la Iglesia de los Santos Juanes (Iglesia de San Juan del Mercado),El jardín de La Lonja,https://cultural.valencia.es/wp-content/uploads/2018/07/mercat-façana-ruta-dels-pecats-cultural-valencia-logotip.jpg,https://cultural.valencia.es/es/ruta/ruta-de-los-pecados-en-el-entorno-del-mercado-central/,peu,Històrica,"El triángulo que conforman tres de los edificios más líderes de nuestra ciudad, La Llotja, el Mercado y la Iglesia de Santos *Juanes, conforman el muestrario de un auténtico zoológico de piedra y metal, un lugar en que la escultura muestra la naturaleza, de manera real unas veces, y con la fantasía de la iconografía medieval, la tradición de la cual remite a los bestiarios, en otras ocasiones. La ruta toma el nombre de la puerta norte de la Llotja, que puerta tal nombre, y del Mercado central, primer mercado de España por su variedad y bella arquitectura que es, sin duda, una invitación para el pecado de la *gula. Debemos la idea al escritor Vicente Muñoz *Puelles, pues su libro “Los animales de la ciudad” fue el punto de partida para la elaboración, por parte del Museo de Ciencias Naturales, de estas rutas para descubrir la fauna oculta en las paredes de los edificios y monumentos de la ciudad.","El triangle que conformen tres dels edificis més capdavanters de la nostra ciutat, La Llotja, el Mercat i l’Església dels Santos Juanes, conformen el mostrari d’un autèntic zoològic de pedra i metall, un lloc en què l’escultura mostra la naturalesa, de manera real unes vegades, i amb la fantasia de la iconografia medieval, la tradició de la qual remet als bestiaris, en altres ocasions.La ruta pren el nom de la porta nord de la Llotja, que porta tal nom, i del Mercat central, primer mercat d’Espanya per la seua varietat i bella arquitectura que és, sens dubte, una invitació per al pecat de la gula.Devem la idea a l’escriptor Vicente Muñoz Puelles, doncs el seu llibre “Els animals de la ciutat” va ser el punt de partida per a l’elaboració, per part del Museu de Ciències Naturals, d’aquestes rutes per a descobrir la fauna oculta en les parets dels edificis i monuments de la ciutat.","The triangle formed by three of the most leading buildings of our city, La Llotja, the Market and the Church of Santos *Juanes, make up the showcase of a real zoo of stone and metal, a place where sculpture shows nature, sometimes in a real way, and with the fantasy of medieval iconography, the tradition of which refers to the bestiaries, at other times. The route takes the name of the north door of the Llotja, which door such name, and of the Central Market, first market of Spain for its variety and beautiful architecture that is, undoubtedly, an invitation for the sin of *gula. We owe the idea to the writer Vicente Muñoz *Puelles, because his book ""The animals of the city"" was the starting point for the elaboration, on the part of the Museum of Natural Sciences, of these routes to discover the fauna hidden in the walls of the buildings and monuments of the city."
Ruta pel Centre Històric,"Entre las Torres de Serranos y las de Quart, las dos únicas puertas fortificadas que se conservan de la muralla medieval, transcurre nuestra propuesta de ruta por el centro histórico de la ciudad. Un paseo a pie que nos ocupará aproximadamente una hora","Between the Serranos and Quart Towers, the only two fortified gates that remain of the medieval wall, runs our proposed route through the historic center of the city. A walk that will take us about an hour","Entre les Torres de Serrans i les de Quart, les dues úniques portes fortificades que es conserven de la muralla medieval, transcorre la nostra proposta de ruta pel centre històric de la ciutat. Un passeig a peu que ens ocuparà aproximadament una hora",60,,Torres dels Serrans,Torres de Quart,https://cultural.valencia.es/wp-content/uploads/2018/10/catedral-valencia-logo.jpg,https://cultural.valencia.es/es/ruta/ruta-pel-centre-historic/,peu,Turística,"Entre las Torres de los Serranos y las de Quart, las dos únicas puertas fortificadas que se conservan de la muralla medieval, transcurre nuestra propuesta de ruta por el centro histórico de la ciudad. Un paseo a pie que nos ocupará aproximadamente una hora en el cual disfrutaremos de los principales monumentos y lugares más emblemáticos de Ciutat Vella.","Entre les Torres dels Serrans i les de Quart, les dues úniques portes fortificades que es conserven de la muralla medieval, transcorre la nostra proposta de ruta pel centre històric de la ciutat.Un passeig a peu que ens ocuparà aproximadament una hora en el qual gaudirem dels principals monuments i llocs més emblemàtics de Ciutat Vella.","Between the Serranos and Quart Towers, the only two fortified gates that remain of the medieval wall, runs our proposed route through the historic center of the city. A walk that will take us about an hour in which we will enjoy the main monuments and most emblematic places of Ciutat Vella"
Ruta recinte enmurallat d'època islàmica,Se toma como referencia el trazado de la muralla en el momento de la conquista cristina de la ciudad en 1238 por las tropas de Jaime I.,It is taken as a reference the layout of the wall at the time of the Christian conquest of the city in 1238 by the troops of James I.,Es pren com a referència el traçat de la muralla en el moment de la conquesta *cristina de la ciutat en 1238 per les tropes de Jaume I.,0,media,,,https://cultural.valencia.es/wp-content/uploads/2018/11/Tossal-Thumbail-300x204.jpg,https://cultural.valencia.es/es/ruta/ruta-recinto-amurallado-de-epoca-islamica/,peu,Històrica,Se toma como referencia el trazado de la muralla en el momento de la conquista cristiana de la ciudad en 1238 por las tropas de Jaime I.,Es pren com a referència el traçat de la muralla en el moment de la conquesta cristiana de la ciutat en 1238 per les tropes de Jaume I.,It is taken as a reference the layout of the wall at the time of the Christian conquest of the city in 1238 by the troops of James I.
Ruta València amb bicicleta,"Si apuestas por el transporte sostenible y te gusta ir en bicicleta, debes saber que Valencia reúne condiciones ideales para el turismo ciclista. Por muchas razones: por su tamaño no excesivamente grande, por su condición de ciudad prácticamente plana,","If you bet on sustainable transport and you like cycling, you should know that Valencia has ideal conditions for cycling tourism. For many reasons: for its not excessively large size, for its condition of practically flat city,","Si apostes pel transport sostenible i tagrada anar amb bicicleta, has de saber que València reuneix condicions ideals per al turisme ciclista. Per moltes raons: per la seua grandària no excessivament gran, per la seua condició de ciutat pràcticament plana,",420,,Torres dels Serrans,Passeig Marítim,https://cultural.valencia.es/wp-content/uploads/2018/10/Palau-de-la-musica-logotipo.jpg,https://cultural.valencia.es/es/ruta/ruta-valencia-amb-bicicleta/,bicicleta,Turística,"Si apuestas por el transporte sostenible y te gusta ir en bicicleta, tienes que saber que València reúne condiciones ideales para el turismo ciclista. Por muchas razones: por su medida no excesivamente grande, por su condición de ciudad prácticamente plana, sin desniveles; por las condiciones climáticas agradables y por el carril bici de más de 120 kilómetros que conecta todos los barrios de la ciudad. Además, l´anillo ciclista rodea el centro histórico de València y permite acceder fácilmente en esta zona absolutamente clave de la ciudad. València pertenece en la Red de Ciudades por la Bicicleta, asociación para la generación de una dinámica entre ciudades españolas que permita facilitar, hacer más segura y desarrollar la circulación de los ciclistas, especialmente al medio urbano.","Si apostes pel transport sostenible i t'agrada anar amb bicicleta, has de saber que València aplega condicions ideals per al turisme ciclista. Per moltes raons: per la seva mida no excessivament gran, per la seva condició de ciutat pràcticament plana, sense desnivells; per les condicions climàtiques agradables i pel carril bici de més de 120 quilòmetres que connecta tots els barris de la ciutat. A més, l´anell ciclista envolta el centre històric de València i permet accedir fàcilment a aquesta zona absolutament clau de la ciutat.

València pertany a la Xarxa de Ciutats per la Bicicleta, associació per a la generació d'una dinàmica entre ciutats espanyoles que permeti facilitar, fer més segura i desenvolupar la circulació dels ciclistes, especialment al medi urbà.","If you bet on sustainable transport and you like cycling, you have to know that València meets ideal conditions for cycling tourism. For many reasons: for its not excessively large size, for its condition of practically flat city, without slopes; for the pleasant climatic conditions and for the bike lane of more than 120 kilometers that connects all the neighborhoods of the city. In addition, the cycling ring surrounds the historic center of València and allows easy access to this absolutely key area of the city. València belongs to the Red de Ciudades por la Bicicleta, association for the generation of a dynamic between Spanish cities that allows to facilitate, to make safer and to develop the circulation of the cyclists, especially in the urban environment"
Sant Agustí – Pont de Fusta,"Algunos de los lugares y monumentos valencianos más representativos se encuentran en esta ruta que arranca en la Plaza de San Agustín y se extiende más allá de Ciutat Vella, hasta el Monasterio de la Santísima Trinidad cruzando el Pont de Fusta. Sin du","Some of the most representative Valencian places and monuments are on this route that starts in the Plaza de San Agustin and extends beyond Ciutat Vella, to the Monastery of the Holy Trinity across the Pont de Fusta. Sin du","Alguns dels llocs i monuments valencians més representatius es troben en aquesta ruta que arranca en la Plaça de Sant Agustí i sestén més enllà de Ciutat Vella, fins al Monestir de la Santíssima Trinidad creuant el Pont dAssot. Sense *du",360,media,Iglesia de San Agustín,Torres de Serranos,https://cultural.valencia.es/wp-content/uploads/2018/10/Lonja-logo.jpg,https://cultural.valencia.es/es/ruta/san-agustin-pont-de-fusta/,peu,Patrimonial,"Algunos de los lugares y monumentos valencianos más representativos se encuentran en esta ruta que arranca en la Plaza de San Agustín y se extiende más allá de Ciutat Vella, hasta el Monasterio de la Santísima Trinidad cruzando el Pont de Madera. Sin duda, el visitante disfrutará recorriendo sus calles, percibiendo el aroma del pasado convenientemente actualizado en nuestros días, admirando sus monumentos, visitando iglesias y palacios inolvidables, calles señoriales, plazas singulares, la Catedral, el Mercado, el Museo de la Seda, edificios administrativos y preciosos parajes verdes como la Glorieta o el Jardín del Turia. Los recorridos que proponemos, que transcurren entre los márgenes del casco viejo de la ciudad, ayudarán a entender mejor la historia y la personalidad de este pueblo único y de una ciudad que mira al futuro orgullosa de su pasado y de sus tradiciones.","Alguns dels llocs i monuments valencians més representatius es troben en aquesta ruta que arranca en la Plaça de Sant Agustí i s’estén més enllà de Ciutat Vella, fins al Monestir de la Santíssima Trinitat creuant el Pont de Fusta.Sens dubte, el visitant gaudirà recorrent els seus carrers, percebent l’aroma del passat convenientment actualitzat als nostres dies, admirant els seus monuments, visitant esglésies i palaus inoblidables, carrers senyorials, places singulars, la Catedral, el Mercat, el Museu de la Seda, edificis administratius i preciosos paratges verds com la Glorieta o el Jardí del Túria.Els recorreguts que proposem, que transcorren entre els marges del casc vell de la ciutat, ajudaran a entendre millor la història i la personalitat d’aquest poble únic i d’una ciutat que mira al futur orgullosa del seu passat i de les seues tradicions.","Some of the most representative Valencian places and monuments are in this route that starts in the Plaza de San Agustin and extends beyond Ciutat Vella, to the Monastery of the Holy Trinity across the Pont de Madera. Undoubtedly, the visitor will enjoy walking through its streets, perceiving the aroma of the past conveniently updated in our days, admiring its monuments, visiting churches and unforgettable palaces, stately streets, unique squares, the Cathedral, the Market, the Silk Museum, administrative buildings and beautiful green areas such as the Glorieta or the Turia Garden. The routes we propose, which run through the margins of the old town, will help to better understand the history and personality of this unique town and of a city that looks to the future proud of its past and its traditions"
Sant Agustí - Portal Nou,Esta ruta nos lleva por puntos históricos alrededor del casco antiguo de la ciudad de Valencia. Ciutat Vella es el distrito más antiguo de la ciudad. Podemos encontrar los principales edificios y monumentos emblemáticos de Valencia.,This route takes us through historical points around the old town of the city of Valencia. Ciutat Vella is the oldest district of the city. We can find the main buildings and emblematic monuments of Valencia.,Aquesta ruta ens porta per punts històrics al voltant del barri antic de la ciutat de València. Ciutat Vella és el districte més antic de la ciutat. Podem trobar els principals edificis i monuments emblemàtics de València.,0,baja,,,https://cultural.valencia.es/wp-content/uploads/2018/07/rutes-ciutta-valencia-casc-antic-wpcf_300x200.jpg,https://cultural.valencia.es/es/ruta/san-agustin-portal-nou/,peu,Patrimonial,"Las rutas patrimoniales de València nos acercan a los puntos históricos alrededor del núcleo antiguo de la ciudad. Ciutat Vella es el distrito más antiguo de la ciudad. Podemos encontrar los principales edificios y monumentos más *emblematics. Es el centro donde se encontramos las principales equipaciones de la ciudad administrativos, financieros, comerciales, culturales y *museistics, religiosos e históricos. En Ciutat Vella encontramos uno de los barrios más emblemáticos de la ciudad como es lo Carme. Un barrio que a lo largo de los años ha ido *adaptantse a los cambios y *avuí es uno de los puntos de encuentro cultural, *artistic y de ocio de la ciudad. Los recorridos que te proponemos son alrededor del distrito de Ciutat Vella, disfrutando de los edificios históricos, de las fachadas antiguas con mucho de encanto, de actividad cultural, de la gente y de uno de los barrios más antiguos de la ciudad de València.","Les rutes patrimonials de València ens acosten als punts històrics al voltant del nucli antic de la ciutat. Ciutat Vella és el districte més antic de la ciutat. Podem trobar els principals edificis i monuments més emblematics. És el centre on es trobem els principals equipaments de la ciutat administratius, financers, comercials, culturals i museistics, religiosos i històrics.A Ciutat Vella trobem un dels barris més emblemàtics de la ciutat com és el Carme. Un barri que al llarg dels anys ha anat adaptantse als canvis i avuí és un dels punts d’encontre cultural, artistic i d’oci de la ciutat.Els recorreguts que et proposem són al voltant del districte de Ciutat Vella, gaudint dels edificis històrics, de les façanes antigues amb molt d’encant, d’activitat cultural, de la gent i d’un dels barris més antics de la ciutat de València.","The heritage routes of València bring us closer to the historical points around the old core of the city. Ciutat Vella is the oldest district of the city. We can find the main buildings and the most emblematic monuments. It is the center where we find the main administrative, financial, commercial, cultural and museistics, religious and historical equipments of the city. In Ciutat Vella we find one of the most emblematic districts of the city as it is the Carme. A neighborhood that over the years has been adapting to the changes and today is one of the cultural, artistic and leisure meeting points of the city. The routes that we propose you are around the district of Ciutat Vella, enjoying the historical buildings, the old facades with a lot of charm, cultural activity, people and one of the oldest neighborhoods of the city of València."
Serrans - Palau de la Generalitat,"Esta ruta recorre alguno de los monumentos más destacados de nuestra arquitectura civil y religiosa. Iglesias de origen ancestral, museos, espacios culturales y palacios centenarios saldrán constantemente a nuestro paso en este recorrido cargado de tra","This route goes through some of the most outstanding monuments of our civil and religious architecture. Churches of ancestral origin, museums, cultural spaces and centenary palaces will constantly come out to our step in this route loaded with tra","Aquesta ruta recorre algun dels monuments més destacats de la nostra arquitectura civil i religiosa. Iglesias dorigen ancestral, museus, espais culturals i palaus centenaris eixiran constantment al nostre pas en aquest recorregut carregat de *tra",180,baja,Torres de Serranos,Palau de la Generalitat,https://cultural.valencia.es/wp-content/uploads/2018/10/130_PUENTE-TRINIDAD-logo.jpg,https://cultural.valencia.es/es/ruta/serrans-palau-de-la-generalitat/,peu,Patrimonial,"Esta ruta recorre alguno de los monumentos más destacados de nuestra arquitectura civil y religiosa. Iglesias de origen ancestral, museos, espacios culturales y palacios centenarios saldrán constantemente a nuestro paso en este recorrido cargado de tradición, de espectacularidad monumental y de sabor popular. Partimos desde los alrededores de las Torres de los Serranos, en pleno casco viejo de València, distrito de Ciutat Vella. Después, cruzaremos el antiguo lecho del río Turia, hoy conocido como Jardín del Turia, para visitar algunos de los lugares más representativos de esta ruta patrimonial, y finalizar en la Callo Caballeros. La mayor parte de este recorrido transcurre en el *archipopular Barrio de Carmen y sus proximidades.","Aquesta ruta recorre algun dels monuments més destacats de la nostra arquitectura civil i religiosa. Iglesias d’origen ancestral, museus, espais culturals i palaus centenaris eixiran constantment al nostre pas en aquest recorregut carregat de tradició, d’espectacularitat monumental i de sabor popular.Partim des dels voltants de les Torres dels Serrans, en ple casc vell de València, districte de Ciutat Vella.Després, creuarem l’antic llit del riu Túria, avui conegut com a Jardí del Túria, per a visitar alguns dels llocs més representatius d’aquesta ruta patrimonial, i finalitzar en la Calle Cavallers.La major part d’aquest recorregut transcorre en el archipopular Barri del Carmen i les seues proximitats.","This route goes through some of the most outstanding monuments of our civil and religious architecture. Churches of ancestral origin, museums, cultural spaces and centenary palaces will constantly appear in our path in this route full of tradition, spectacular monuments and popular flavor. We start from the surroundings of the Serranos Towers, in the heart of the old town of Valencia, Ciutat Vella district. Then, we will cross the old bed of the Turia River, today known as the Turia Garden, to visit some of the most representative places of this heritage route, and finish in the Callo Caballeros. Most of this route takes place in the popular Barrio de Carmen and its surroundings."
Torres de Quart - Temple,"Pasado y presente se dan la mano en este recorrido que se plantea entre las Torres de Quart y el Palacio del Temple. Nuestro itinerario transcurre principalmente por el distrito de Ciutat Vella, por el casco viejo de Valencia a través de barrios como E","Past and present go hand in hand in this tour that takes place between the Torres de Quart and the Palacio del Temple. Our itinerary runs mainly through the district of Ciutat Vella, through the old town of Valencia through neighborhoods like E","Passat i present es donen la mà en aquest recorregut que es planteja entre les Torres de Quart i el Palau del Temple. El nostre itinerari transcorre principalment pel districte de Ciutat Vella, pel casc vell de València a través de barris com a E",420,baja,Jardín Botánico,Jardines del Real,https://cultural.valencia.es/wp-content/uploads/2018/10/torres-de-quart-logotipo.jpg,https://cultural.valencia.es/es/ruta/torres-de-quart-temple/,peu,Patrimonial,"Jardines del Real Pasado y presente se dan la mano en este recorrido que se plantea entre las Torres de Quart y el Palacio del Temple. Nuestro itinerario transcurre principalmente por el distrito de Ciutat Vella, por el casco viejo de València a través de barrios como El Botánico, Carme, La Sede y El Mercado.Recorreremos algunas de las calles más antiguas y con más tradición de la ciudad, tendremos ocasión de admirar restos de la antigua muralla islámica y de visitar alguno de los monumentos más emblemáticos para el pueblo valenciano.Palacios señoriales, mercados, antiguas puertas de la muralla medieval que siguen siendo testigos de la vida cotidiana de los valencianos, la Catedral, la Basílica de la Virgen de los Desamparados, antiguas iglesias fundacionales de la ciudad, vestigios de un pasado romano, monumentos de nuestro Siglo de Oro y otras joyas de nuestro patrimonio cultural.","Jardins del ReialPassat i present es donen la mà en aquest recorregut que es planteja entre les Torres de Quart i el Palau del Temple.El nostre itinerari transcorre principalment pel districte de Ciutat Vella, pel casc vell de València a través de barris com El Botànic, El Carme, La Seu i El Mercat.Recorrerem algunes dels carrers més antics i amb més tradició de la ciutat, tindrem ocasió d’admirar restes de l’antiga muralla islàmica i de visitar algun dels monuments més emblemàtics per al poble valencià.Palaus senyorials, mercats, antigues portes de la muralla medieval que segueixen sent testimonis de la vida quotidiana dels valencians, la Catedral, la Basílica de la Verge dels Desemparats, antigues esglésies fundacionals de la ciutat, vestigis d’un passat romà, monuments del nostre Segle d’Or i altres joies del nostre patrimoni cultural.","Jardines del Real Past and present go hand in hand in this tour that takes place between the Quart Towers and the Palacio del Temple. Our itinerary runs mainly through the district of Ciutat Vella, through the old town of Valencia through neighborhoods such as El Botanico, Carme, La Sede and El Mercado, through some of the oldest and most traditional streets of the city, we will have the opportunity to admire the remains of the old Islamic wall and visit some of the most emblematic monuments for the Valencian people. Stately palaces, markets, ancient gates of the medieval wall that are still witnesses of the daily life of the Valencians, the Cathedral, the Basilica of the Virgen de los Desamparados, ancient churches foundations of the city, vestiges of a Roman past, monuments of our Golden Age and other jewels of our cultural heritage"
Trinitat - L'Almodí,"La ruta comprendida entre el Monasterio de la Trinidad y el monumento del Almudín de Valencia cuenta con un enorme trasfondo histórico y artístico, y también con algunos de los lugares y monumentos más interesantes, reconocidos y admirados por los ciud","The route between the Monasterio de la Trinidad and the Almudín monument in Valencia has an enormous historical and artistic background, as well as some of the most interesting places and monuments, recognized and admired by the citizens.","La ruta compresa entre el Monestir de la Trinitat i el monument del *Almudín de València compta amb un enorme rerefons històric i artístic, i també amb alguns dels llocs i monuments més interessants, reconeguts i admirats pels *ciud",240,,Torres de Serranos,El Almudín,https://cultural.valencia.es/wp-content/uploads/2018/10/Almudín_destacada-1.jpg,https://cultural.valencia.es/es/ruta/trinidad-el-almudin/,peu,Patrimonial,"La ruta comprendida entre el Monasterio de la Trinidad y el monumento del Pósito de València cuenta con un enorme trasfondo histórico y artístico, y también con algunos de los lugares y monumentos más interesantes, reconocidos y admirados por los ciudadanos valencianos.En el margen derecho del antiguo lecho del río Turia admiraremos la majestuosidad de obras inmortales, entre las cuales podemos destacar las Torres de los Serranos. Después, cruzaremos algún de sus puentes centenarios para disfrutar de una combinación única de arte, pintura y naturaleza. Nuestro recorrido nos llevará después hasta la Calle de Trinitarios en una ruta plagada de palacios, iglesias y otros monumentos de indiscutible belleza.","La ruta compresa entre el Monestir de la Trinitat i el monument de l’Almodí de València compta amb un enorme rerefons històric i artístic, i també amb alguns dels llocs i monuments més interessants, reconeguts i admirats pels ciutadans valencians.En el marge dret de l’antic llit del riu Túria admirarem la majestuositat d’obres immortals, entre les quals podem destacar les Torres dels Serrans. Després, creuarem algun dels seus ponts centenaris per a gaudir d’una combinació única d’art, pintura i naturalesa.El nostre recorregut ens portarà després fins al Carrer de Trinitaris en una ruta plagada de palaus, esglésies i altres monuments d’indiscutible bellesa.","The route between the Monasterio de la Trinidad and the monument of the Pósito de València has an enormous historical and artistic background, and also some of the most interesting places and monuments, recognized and admired by Valencian citizens.On the right bank of the old Turia riverbed we will admire the majesty of immortal works, among which we can highlight the Torres de los Serranos (Serranos Towers). Afterwards, we will cross one of its centenary bridges to enjoy a unique combination of art, painting and nature. Our tour will then take us to Trinitarios Street on a route full of palaces, churches and other monuments of unquestionable beauty"
Ruta Valencia en la Memòria,"Valencia en la Memoria es un proyecto de la Concejalía de Patrimonio y Recursos Culturales que recupera para el espacio público de nuestra ciudad edificios o monumentos que tuvieron un importante papel (político, cultural y cotidiano) durante la guerra civil, y para especial atención al año en qué Valencia fue capital de la República.","Valencia in Memory is a project of the Department of Heritage and Cultural Resources that recovers for the public space of our city buildings or monuments that had an important role (political, cultural and everyday) during the civil war, and for special attention to the year in which Valencia was capital of the Republic.","València en la Memòria és un projecte de la Regidoria de Patrimoni i Recursos Culturals que recupera per a lespai públic de la nostra ciutat edificis o monuments que van tindre un important paper (polític, cultural i quotidià) durant la guerra civil, i per a especial atenció a lany en quin València va ser capital de la República.",0,baja,Edificio del Ayuntamiento,Hospital San Juan de Dios,https://cultural.valencia.es/wp-content/uploads/2018/09/ruta-valencia-en-la-memoria-cultural-valencia-destacado.jpg,https://cultural.valencia.es/es/ruta/valencia-en-la-memoria/,peu,Històrica,"València en la Memoria es un proyecto de la Concejalía de Patrimonio y Recursos Culturales que recupera para l´espacio público de nuestra ciudad edificios o monumentos que tuvieron un importante papel (político, cultural, cotidiano) durante la guerra civil, y para especial atención a l´año en que València fue capital de la República (noviembre 1936-octubre 1937). Una serie de hitos (monolitos de hormigón) nos dan las informaciones más destacadas, ilustradas con imágenes históricas, y ampliables en una versión web, de fácil acceso gracias a códigos *QR. Los lugares señalizados sueño los siguientes:","València en la Memòria és un projecte de la Regidoria de Patrimoni i Recursos Culturals que recupera per a l´espai públic de la nostra ciutat edificis o monuments que tingueren un important paper (polític, cultural, quotidià) durant la guerra civil, i para especial atenció a l´any en què València fou capital de la República (novembre 1936-octubre 1937).Una sèrie de fites (monòlits de formigó) ens donen les informacions més destacades, il.lustrades amb imatges històriques, i ampliables en una versió web, de fàcil accés gràcies a codis QR. Els llocs senyalitzats son els següents:","València in Memory is a project of the Department of Heritage and Cultural Resources that recovers for the public space of our city buildings or monuments that had an important role (political, cultural, everyday) during the civil war, and for special attention to the year in which Valencia was the capital of the Republic (November 1936-October 1937). A series of landmarks (concrete monoliths) give us the most important information, illustrated with historical images, and expandable in a web version, easily accessible thanks to *QR codes. The following places are marked:"
